1, Kurt, Beatty, "859 Fifth Ave", Montgomery, Alabama, 74859, 8675309
2, John, Burns, "945 Hasselhoff Street", Juneau, Alaska, 98472, 8675309
3, Catherine, Carothers, "296 Julius Thruway", Phoenix, Arizona, 28490, 8675309
4, Colleen, Casey, "8647 Rodeo Drive", "Little Rock", Arkansas, 90738, 8675309
5, Kelsey, Han, "396 San Peeso Street", Sacramento, California, 53125, 8675309
6, Kevin, Kiefer, "12 Verbatim Road", Denver, Colorado, 82045, 8675309
7, London, Lamar, "632 Temple Drive", Hartford, Connecticut, 12521, 8675309
8, Eras, Noel, "1212 Vinewood Boulevard", Dover, Delaware, 62341, 8675309
9, Kelly, "O'Brien", "67 Windy Street", Tallahassee, Florida, 11753, 8675309
10, Emily, Palid, "8969 Mulholland Drive", Atlanta, Georgia, 42132, 8675309
11, John, Quinn, "45 Blacklick Street", Honolulu, Hawaii, 72245, 8675309
12, Lindsey, Sansone, "200 Interstate 40", Boise, Idaho, 90210, 8675309
13, Mark, Sonderman, "3409 Main Street", Springfield, Illinois, 42998, 8675309
14, Andrew, Velzen, "1 White Barn Road", Indianapolis, Indiana, 57221, 8675309
15, Robert, Wirthman, "980 Fairfield Street", "Des Moines", Iowa, 23487, 8675309
